{
  "annotations": {
    "list": [
      {
        "builtIn": 1,
        "datasource": "-- Grafana --",
        "enable": true,
        "hide": true,
        "iconColor": "rgba(0, 211, 255, 1)",
        "name": "Annotations & Alerts",
        "type": "dashboard"
      }
    ]
  },
  "editable": true,
  "gnetId": null,
  "graphTooltip": 0,
  "iteration": 1550866783502,
  "links": [],
  "panels": [
    {
      "aliasColors": {},
      "bars": false,
      "dashLength": 10,
      "dashes": false,
      "datasource": "EFD Pathfinder",
      "decimals": null,
      "fill": 0,
      "gridPos": {
        "h": 9,
        "w": 12,
        "x": 0,
        "y": 0
      },
      "id": 2,
      "legend": {
        "avg": false,
        "current": false,
        "max": false,
        "min": false,
        "show": true,
        "total": false,
        "values": false
      },
      "lines": true,
      "linewidth": 1,
      "links": [],
      "nullPointMode": "null",
      "percentage": false,
      "pointradius": 5,
      "points": false,
      "renderer": "flot",
      "seriesOverrides": [],
      "spaceLength": 10,
      "stack": false,
      "steppedLine": false,
      "targets": [
        {
          "alias": "",
          "format": "time_series",
          "group": [],
          "metricColumn": "none",
          "rawQuery": true,
          "rawSql": "SELECT\n  UNIX_TIMESTAMP(date_time) as time_sec,\n  ${ats_wreb_power_voltages:csv}\nFROM atcamera_wrebPower\nWHERE $__timeFilter(date_time)\nORDER BY date_time ASC\n",
          "refId": "A",
          "select": [
            [
              {
                "params": [
                  "value"
                ],
                "type": "column"
              }
            ]
          ],
          "timeColumn": "time",
          "where": [
            {
              "name": "$__timeFilter",
              "params": [],
              "type": "macro"
            }
          ]
        }
      ],
      "thresholds": [],
      "timeFrom": null,
      "timeRegions": [],
      "timeShift": null,
      "title": "Voltages",
      "tooltip": {
        "shared": true,
        "sort": 0,
        "value_type": "individual"
      },
      "transparent": false,
      "type": "graph",
      "xaxis": {
        "buckets": null,
        "mode": "time",
        "name": null,
        "show": true,
        "values": []
      },
      "yaxes": [
        {
          "format": "volt",
          "label": null,
          "logBase": 1,
          "max": null,
          "min": null,
          "show": true
        },
        {
          "format": "short",
          "label": null,
          "logBase": 1,
          "max": null,
          "min": null,
          "show": true
        }
      ],
      "yaxis": {
        "align": false,
        "alignLevel": null
      }
    },
    {
      "aliasColors": {},
      "bars": false,
      "dashLength": 10,
      "dashes": false,
      "datasource": "EFD Pathfinder",
      "decimals": 1,
      "fill": 0,
      "gridPos": {
        "h": 9,
        "w": 12,
        "x": 12,
        "y": 0
      },
      "id": 4,
      "legend": {
        "avg": false,
        "current": false,
        "max": false,
        "min": false,
        "show": true,
        "total": false,
        "values": false
      },
      "lines": true,
      "linewidth": 1,
      "links": [],
      "nullPointMode": "null",
      "percentage": false,
      "pointradius": 5,
      "points": false,
      "renderer": "flot",
      "seriesOverrides": [],
      "spaceLength": 10,
      "stack": false,
      "steppedLine": false,
      "targets": [
        {
          "alias": "",
          "format": "time_series",
          "group": [],
          "metricColumn": "none",
          "rawQuery": true,
          "rawSql": "SELECT\n  UNIX_TIMESTAMP(date_time) as time_sec,\n  ${ats_wreb_power_currents:csv}\nFROM atcamera_wrebPower\nWHERE $__timeFilter(date_time)\nORDER BY date_time ASC\n",
          "refId": "A",
          "select": [
            [
              {
                "params": [
                  "value"
                ],
                "type": "column"
              }
            ]
          ],
          "timeColumn": "time",
          "where": [
            {
              "name": "$__timeFilter",
              "params": [],
              "type": "macro"
            }
          ]
        }
      ],
      "thresholds": [],
      "timeFrom": null,
      "timeRegions": [],
      "timeShift": null,
      "title": "Currents",
      "tooltip": {
        "shared": true,
        "sort": 0,
        "value_type": "individual"
      },
      "type": "graph",
      "xaxis": {
        "buckets": null,
        "mode": "time",
        "name": null,
        "show": true,
        "values": []
      },
      "yaxes": [
        {
          "format": "mamp",
          "label": null,
          "logBase": 1,
          "max": null,
          "min": null,
          "show": true
        },
        {
          "format": "short",
          "label": null,
          "logBase": 1,
          "max": null,
          "min": null,
          "show": true
        }
      ],
      "yaxis": {
        "align": false,
        "alignLevel": null
      }
    }
  ],
  "schemaVersion": 16,
  "style": "dark",
  "tags": [],
  "templating": {
    "list": [
      {
        "allValue": null,
        "current": {
          "tags": [],
          "text": "digital_V + analog_V + clkHigh_V + clkLow_V + od_V + dphi_V + hvbias_V + heater_V",
          "value": [
            "digital_V",
            "analog_V",
            "clkHigh_V",
            "clkLow_V",
            "od_V",
            "dphi_V",
            "hvbias_V",
            "heater_V"
          ]
        },
        "hide": 0,
        "includeAll": false,
        "label": "WREB Power Voltages",
        "multi": true,
        "name": "ats_wreb_power_voltages",
        "options": [
          {
            "selected": true,
            "text": "digital_V",
            "value": "digital_V"
          },
          {
            "selected": true,
            "text": "analog_V",
            "value": "analog_V"
          },
          {
            "selected": true,
            "text": "clkHigh_V",
            "value": "clkHigh_V"
          },
          {
            "selected": true,
            "text": "clkLow_V",
            "value": "clkLow_V"
          },
          {
            "selected": true,
            "text": "od_V",
            "value": "od_V"
          },
          {
            "selected": true,
            "text": "dphi_V",
            "value": "dphi_V"
          },
          {
            "selected": true,
            "text": "hvbias_V",
            "value": "hvbias_V"
          },
          {
            "selected": true,
            "text": "heater_V",
            "value": "heater_V"
          }
        ],
        "query": "digital_V,analog_V,clkHigh_V,clkLow_V,od_V,dphi_V,hvbias_V,heater_V",
        "skipUrlSync": false,
        "type": "custom"
      },
      {
        "allValue": null,
        "current": {
          "tags": [],
          "text": "digital_I + analog_I + clkHigh_I + clkLow_I + od_I + dphi_I + hvbias_I + heater_I",
          "value": [
            "digital_I",
            "analog_I",
            "clkHigh_I",
            "clkLow_I",
            "od_I",
            "dphi_I",
            "hvbias_I",
            "heater_I"
          ]
        },
        "hide": 0,
        "includeAll": false,
        "label": "WREB Power Currents",
        "multi": true,
        "name": "ats_wreb_power_currents",
        "options": [
          {
            "selected": true,
            "text": "digital_I",
            "value": "digital_I"
          },
          {
            "selected": true,
            "text": "analog_I",
            "value": "analog_I"
          },
          {
            "selected": true,
            "text": "clkHigh_I",
            "value": "clkHigh_I"
          },
          {
            "selected": true,
            "text": "clkLow_I",
            "value": "clkLow_I"
          },
          {
            "selected": true,
            "text": "od_I",
            "value": "od_I"
          },
          {
            "selected": true,
            "text": "dphi_I",
            "value": "dphi_I"
          },
          {
            "selected": true,
            "text": "hvbias_I",
            "value": "hvbias_I"
          },
          {
            "selected": true,
            "text": "heater_I",
            "value": "heater_I"
          }
        ],
        "query": "digital_I,analog_I,clkHigh_I,clkLow_I,od_I,dphi_I,hvbias_I,heater_I",
        "skipUrlSync": false,
        "type": "custom"
      }
    ]
  },
  "time": {
    "from": "now-6h",
    "to": "now"
  },
  "timepicker": {
    "refresh_intervals": [
      "5s",
      "10s",
      "30s",
      "1m",
      "5m",
      "15m",
      "30m",
      "1h",
      "2h",
      "1d"
    ],
    "time_options": [
      "5m",
      "15m",
      "1h",
      "6h",
      "12h",
      "24h",
      "2d",
      "7d",
      "30d"
    ]
  },
  "timezone": "",
  "title": "AuxTel WREB Power",
  "version": 1
}
